{"cameraMode":{"drawMode":0,"name":"Shaded","section":"Shading Mode"},"sceneLighting":false,"audioPlay":false,"sceneViewState":{"showFog":false,"showMaterialUpdate":false,"showSkybox":false,"showFlares":false,"showImageEffects":false,"showParticleSystems":false},"in2DMode":false,"pivot":{"x":-0.31343168020248415,"y":-0.1140337660908699,"z":-0.7094929218292236},"rotation":{"x":-0.03102227859199047,"y":0.965327262878418,"z":-0.13554361462593079,"w":-0.22093963623046876},"size":4.242985725402832,"orthographic":false}