{"cameraMode":{"drawMode":0,"name":"Shaded","section":"Shading Mode"},"sceneLighting":false,"audioPlay":false,"sceneViewState":{"showFog":true,"showMaterialUpdate":true,"showSkybox":false,"showFlares":true,"showImageEffects":true,"showParticleSystems":true},"in2DMode":false,"pivot":{"x":303.7040710449219,"y":338.9762268066406,"z":86.60221862792969},"rotation":{"x":-0.08511224389076233,"y":0.11689595878124237,"z":-0.010064429603517056,"w":-0.989449143409729},"size":1571.3935546875,"orthographic":false}