{"cameraMode":{"drawMode":0,"name":"Shaded","section":"Shading Mode"},"sceneLighting":true,"audioPlay":false,"sceneViewState":{"showFog":true,"showMaterialUpdate":true,"showSkybox":true,"showFlares":true,"showImageEffects":true,"showParticleSystems":true},"in2DMode":false,"pivot":{"x":257.5555419921875,"y":96.55084228515625,"z":18.74407958984375},"rotation":{"x":0.03723344951868057,"y":0.9584460854530335,"z":-0.14810122549533845,"w":0.24095852673053742},"size":942.67431640625,"orthographic":false}