{"cameraMode":{"drawMode":0,"name":"Shaded","section":"Shading Mode"},"sceneLighting":false,"audioPlay":false,"sceneViewState":{"showFog":false,"showMaterialUpdate":false,"showSkybox":false,"showFlares":false,"showImageEffects":false,"showParticleSystems":false},"in2DMode":false,"pivot":{"x":-8.495119094848633,"y":7.645467281341553,"z":3.47658371925354},"rotation":{"x":0.1597287654876709,"y":0.7059148550033569,"z":-0.16850313544273377,"w":0.6692044734954834},"size":2.09598970413208,"orthographic":false}