{"cameraMode":{"drawMode":0,"name":"Shaded","section":"Shading Mode"},"sceneLighting":false,"audioPlay":false,"sceneViewState":{"showFog":true,"showMaterialUpdate":true,"showSkybox":false,"showFlares":true,"showImageEffects":true,"showParticleSystems":true},"in2DMode":false,"pivot":{"x":-0.28877344727516177,"y":0.9873197674751282,"z":-6.12761926651001},"rotation":{"x":0.003982562571763992,"y":-0.996038556098938,"z":0.06614243239164353,"w":0.05981272831559181},"size":8.7001953125,"orthographic":false}