{"cameraMode":{"drawMode":0,"name":"Shaded","section":"Shading Mode"},"sceneLighting":false,"audioPlay":false,"sceneViewState":{"showFog":false,"showMaterialUpdate":false,"showSkybox":false,"showFlares":false,"showImageEffects":false,"showParticleSystems":false},"in2DMode":false,"pivot":{"x":0.350045382976532,"y":0.5941649675369263,"z":0.7447019219398499},"rotation":{"x":-0.011744462884962559,"y":0.9882788062095642,"z":-0.10596087574958801,"w":-0.10953593999147415},"size":0.8558984398841858,"orthographic":false}