{"cameraMode":{"drawMode":0,"name":"Shaded","section":"Shading Mode"},"sceneLighting":false,"audioPlay":false,"sceneViewState":{"showFog":false,"showMaterialUpdate":false,"showSkybox":false,"showFlares":false,"showImageEffects":false,"showParticleSystems":false},"in2DMode":false,"pivot":{"x":-0.1168154776096344,"y":0.37712928652763369,"z":0.18287265300750733},"rotation":{"x":0.000022499894839711487,"y":0.9999676942825317,"z":0.002999912714585662,"w":-0.007499897386878729},"size":1.173337459564209,"orthographic":false}