{"cameraMode":{"drawMode":0,"name":"Shaded","section":"Shading Mode"},"sceneLighting":false,"audioPlay":false,"sceneViewState":{"showFog":false,"showMaterialUpdate":false,"showSkybox":false,"showFlares":false,"showImageEffects":false,"showParticleSystems":false},"in2DMode":false,"pivot":{"x":5.416571617126465,"y":-2.629701614379883,"z":-6.448616027832031},"rotation":{"x":-0.06917815655469895,"y":-0.9165607690811157,"z":0.18132945895195008,"w":-0.3497394025325775},"size":11.566413879394532,"orthographic":false}