{"cameraMode":{"drawMode":0,"name":"Shaded","section":"Shading Mode"},"sceneLighting":false,"audioPlay":false,"sceneViewState":{"showFog":false,"showMaterialUpdate":false,"showSkybox":false,"showFlares":false,"showImageEffects":false,"showParticleSystems":false},"in2DMode":false,"pivot":{"x":0.0,"y":0.26542192697525027,"z":-1.1920928955078126e-7},"rotation":{"x":-0.011744462884962559,"y":0.9882788062095642,"z":-0.10596087574958801,"w":-0.10953593999147415},"size":5.778926372528076,"orthographic":false}