{"cameraMode":{"drawMode":0,"name":"Shaded","section":"Shading Mode"},"sceneLighting":false,"audioPlay":false,"sceneViewState":{"showFog":true,"showMaterialUpdate":true,"showSkybox":true,"showFlares":true,"showImageEffects":true,"showParticleSystems":true},"in2DMode":false,"pivot":{"x":-19.3015079498291,"y":5.802723407745361,"z":-19.123987197875978},"rotation":{"x":-0.14051596820354463,"y":0.15730293095111848,"z":-0.022618284448981286,"w":-0.977241039276123},"size":4.641658782958984,"orthographic":false}