{"cameraMode":{"drawMode":0,"name":"Shaded","section":"Shading Mode"},"sceneLighting":false,"audioPlay":false,"sceneViewState":{"showFog":true,"showMaterialUpdate":true,"showSkybox":true,"showFlares":true,"showImageEffects":true,"showParticleSystems":true},"in2DMode":false,"pivot":{"x":-18.3212890625,"y":6.372762203216553,"z":-18.789031982421876},"rotation":{"x":-0.07964204996824265,"y":0.04543649032711983,"z":-0.003633926622569561,"w":-0.995781421661377},"size":4.641658782958984,"orthographic":false}