{"cameraMode":{"drawMode":0,"name":"Shaded","section":"Shading Mode"},"sceneLighting":false,"audioPlay":false,"sceneViewState":{"showFog":false,"showMaterialUpdate":false,"showSkybox":false,"showFlares":false,"showImageEffects":false,"showParticleSystems":false},"in2DMode":false,"pivot":{"x":2.2159597873687746,"y":4.4067182540893559,"z":-11.39378833770752},"rotation":{"x":-0.06148461624979973,"y":0.09689875692129135,"z":-0.0059487484395504,"w":-0.9934142827987671},"size":3.6783206462860109,"orthographic":false}