{"cameraMode":{"drawMode":0,"name":"Shaded","section":"Shading Mode"},"sceneLighting":true,"audioPlay":false,"sceneViewState":{"showFog":false,"showMaterialUpdate":false,"showSkybox":false,"showFlares":false,"showImageEffects":false,"showParticleSystems":false},"in2DMode":false,"pivot":{"x":-23.963117599487306,"y":7.0223469734191898,"z":-42.652523040771487},"rotation":{"x":0.03245295211672783,"y":0.22443965077400208,"z":-0.007479052059352398,"w":0.9739203453063965},"size":4.041658401489258,"orthographic":false}